"","DNAngUsed","VCN","N.mice.pool","TimePoint","Genotype","VectorID","CellMarker","Groups","PCRMethod"
"HOMO_LV.SF.LTR_E2MNO_E2P1123_E2B1P1123_PB_MNC_0028",600,5.32,7,28,"HOMO","LV.SF.LTR","MNC","E2P1123","SONIC-LAM"
"HOMO_LV.SF.LTR_E2MNO_E2P1123_E2B2P11123_PB_CD11B_0056",53.1,7.64,2,56,"HOMO","LV.SF.LTR","CD11B","E2P1123","SONIC-LAM"
"HOMO_LV.SF.LTR_E2MNO_E2P1123_E2B2P1123_PB_CD11B_0056",129.33,7.64,5,56,"HOMO","LV.SF.LTR","CD11B","E2P1123","SONIC-LAM"
"HOMO_LV.SF.LTR_E2MNO_E2P1123_E2B2P1123_PB_CD19_0056",486.4,7.64,7,56,"HOMO","LV.SF.LTR","CD19","E2P1123","SONIC-LAM"
"HOMO_LV.SF.LTR_E2MNO_E2P1123_E2B2P1123_PB_CD3_0056",564.16,7.64,7,56,"HOMO","LV.SF.LTR","CD3","E2P1123","SONIC-LAM"
"HOMO_LV.SF.LTR_E2MNO_E2P1123_E2B2P1123_PB_MNC_0056",528.76,7.64,7,56,"HOMO","LV.SF.LTR","MNC","E2P1123","SONIC-LAM"
"HOMO_LV.SF.LTR_E2MNO_E2P1123_E2B3P1123_PB_CD11B_0084",29.34,7.64,1,84,"HOMO","LV.SF.LTR","CD11B","E2P1123","SONIC-LAM"
"HOMO_LV.SF.LTR_E2MNO_E2P1123_E2B3P1123_PB_CD19_0084",200,7.64,1,84,"HOMO","LV.SF.LTR","CD19","E2P1123","SONIC-LAM"
"HOMO_LV.SF.LTR_E2MNO_E2P1123_E2B3P1123_PB_CD3_0084",114.3,7.64,1,84,"HOMO","LV.SF.LTR","CD3","E2P1123","SONIC-LAM"
"HOMO_LV.SF.LTR_E2MNO_E2P1123_E2B3P1123_PB_MNC_0084",200,7.64,1,84,"HOMO","LV.SF.LTR","MNC","E2P1123","SONIC-LAM"
"HOMO_LV.SF.LTR_E2MNO_E2P1123_E2B4P1123_PB_CD11B_0112",200,6.05,1,112,"HOMO","LV.SF.LTR","CD11B","E2P1123","SONIC-LAM"
"HOMO_LV.SF.LTR_E2MNO_E2P1123_E2B4P1123_PB_CD19_0112",200,6,1,112,"HOMO","LV.SF.LTR","CD19","E2P1123","SONIC-LAM"
"HOMO_LV.SF.LTR_E2MNO_E2P1123_E2B4P1123_PB_CD3_0112",200,4.44,1,112,"HOMO","LV.SF.LTR","CD3","E2P1123","SONIC-LAM"
"HOMO_LV.SF.LTR_E2MNO_E2P1123_E2B4P1123_PB_MNC_0112",200,5.24,1,112,"HOMO","LV.SF.LTR","MNC","E2P1123","SONIC-LAM"
"HOMO_LV.SF.LTR_E2MNO_E2P1123_E2B6P1123_PB_CD11B_0168",40.9,5.2,1,168,"HOMO","LV.SF.LTR","CD11B","E2P1123","SLiM"
"HOMO_LV.SF.LTR_E2MNO_E2P1123_E2B6P1123_PB_CD19_0168",133.06,5.8,1,168,"HOMO","LV.SF.LTR","CD19","E2P1123","SLiM"
"HOMO_LV.SF.LTR_E2MNO_E2P1123_E2B6P1123_PB_CD3_0168",67.39,5.4,1,168,"HOMO","LV.SF.LTR","CD3","E2P1123","SLiM"
"HOMO_LV.SF.LTR_E2MNO_E2P1123_E2B6P1123_PB_MNC_0168",141.12,5.2,1,168,"HOMO","LV.SF.LTR","MNC","E2P1123","SLiM"
"HOMO_PGK_E2L_E2P10_E2B1P10_PB_MNC_0028",200,8.61,2,28,"HOMO","PGK","MNC","E2P10","SONIC-LAM"
"HOMO_PGK_E2G_E2P7_E2B1P7_PB_MNC_0028",200,11.24,2,28,"HOMO","PGK","MNC","E2P7","SONIC-LAM"
"HOMO_PGK_E2H_E2P8_E2B1P8_PB_MNC_0028",200,9.57,2,28,"HOMO","PGK","MNC","E2P8","SONIC-LAM"
"HOMO_PGK_E2I_E2P9_E2B1P9_PB_MNC_0028",200,12.03,2,28,"HOMO","PGK","MNC","E2P9","SONIC-LAM"
"HOMO_PGK_E2L_E2P10_E2B2P10_PB_CD11B_0056",68.4,13.59,2,56,"HOMO","PGK","CD11B","E2P10","SONIC-LAM"
"HOMO_PGK_E2L_E2P10_E2B2P10_PB_CD19_0056",200,13.59,2,56,"HOMO","PGK","CD19","E2P10","SONIC-LAM"
"HOMO_PGK_E2L_E2P10_E2B2P10_PB_CD3_0056",200,13.59,2,56,"HOMO","PGK","CD3","E2P10","SONIC-LAM"
"HOMO_PGK_E2G_E2P7_E2B2P7_PB_CD11B_0056",26.31,13.59,2,56,"HOMO","PGK","CD11B","E2P7","SONIC-LAM"
"HOMO_PGK_E2G_E2P7_E2B2P7_PB_CD19_0056",200,13.59,2,56,"HOMO","PGK","CD19","E2P7","SONIC-LAM"
"HOMO_PGK_E2G_E2P7_E2B2P7_PB_CD3_0056",200,13.59,2,56,"HOMO","PGK","CD3","E2P7","SONIC-LAM"
"HOMO_PGK_E2H_E2P8_E2B2P8_PB_CD11B_0056",19.77,13.59,2,56,"HOMO","PGK","CD11B","E2P8","SONIC-LAM"
"HOMO_PGK_E2H_E2P8_E2B2P8_PB_CD19_0056",200,13.59,2,56,"HOMO","PGK","CD19","E2P8","SONIC-LAM"
"HOMO_PGK_E2H_E2P8_E2B2P8_PB_CD3_0056",200,13.59,2,56,"HOMO","PGK","CD3","E2P8","SONIC-LAM"
"HOMO_PGK_E2I_E2P9_E2B2P9_PB_CD11B_0056",46.2,13.59,2,56,"HOMO","PGK","CD11B","E2P9","SONIC-LAM"
"HOMO_PGK_E2I_E2P9_E2B2P9_PB_CD19_0056",200,13.59,2,56,"HOMO","PGK","CD19","E2P9","SONIC-LAM"
"HOMO_PGK_E2I_E2P9_E2B2P9_PB_CD3_0056",200,13.59,2,56,"HOMO","PGK","CD3","E2P9","SONIC-LAM"
"HOMO_PGK_E2L_E2P10_E2B2P10_PB_MNC_0056",200,13.59,2,56,"HOMO","PGK","MNC","E2P10","SONIC-LAM"
"HOMO_PGK_E2G_E2P7_E2B2P7_PB_MNC_0056",200,13.59,2,56,"HOMO","PGK","MNC","E2P7","SONIC-LAM"
"HOMO_PGK_E2H_E2P8_E2B2P8_PB_MNC_0056",200,13.59,2,56,"HOMO","PGK","MNC","E2P8","SONIC-LAM"
"HOMO_PGK_E2I_E2P9_E2B2P9_PB_MNC_0056",200,13.59,2,56,"HOMO","PGK","MNC","E2P9","SONIC-LAM"
"HOMO_PGK_E2L_E2P10_E2B3P10_PB_CD11B_0084",62.37,13.59,2,84,"HOMO","PGK","CD11B","E2P10","SONIC-LAM"
"HOMO_PGK_E2L_E2P10_E2B3P10_PB_CD19_0084",200,13.59,2,84,"HOMO","PGK","CD19","E2P10","SONIC-LAM"
"HOMO_PGK_E2L_E2P10_E2B3P10_PB_CD3_0084",93.69,13.59,2,84,"HOMO","PGK","CD3","E2P10","SONIC-LAM"
"HOMO_PGK_E2G_E2P7_E2B3P7_PB_CD11B_0084",36.72,13.59,2,84,"HOMO","PGK","CD11B","E2P7","SONIC-LAM"
"HOMO_PGK_E2G_E2P7_E2B3P7_PB_CD19_0084",200,13.59,2,84,"HOMO","PGK","CD19","E2P7","SONIC-LAM"
"HOMO_PGK_E2G_E2P7_E2B3P7_PB_CD3_0084",56.43,13.59,2,84,"HOMO","PGK","CD3","E2P7","SONIC-LAM"
"HOMO_PGK_E2H_E2P8_E2B3P8_PB_CD11B_0084",27.63,13.59,2,84,"HOMO","PGK","CD11B","E2P8","SONIC-LAM"
"HOMO_PGK_E2H_E2P8_E2B3P8_PB_CD19_0084",200,13.59,2,84,"HOMO","PGK","CD19","E2P8","SONIC-LAM"
"HOMO_PGK_E2H_E2P8_E2B3P8_PB_CD3_0084",110.34,13.59,2,84,"HOMO","PGK","CD3","E2P8","SONIC-LAM"
"HOMO_PGK_E2I_E2P9_E2B3P9_PB_CD11B_0084",34.74,13.59,2,84,"HOMO","PGK","CD11B","E2P9","SONIC-LAM"
"HOMO_PGK_E2I_E2P9_E2B3P9_PB_CD19_0084",200,13.59,2,84,"HOMO","PGK","CD19","E2P9","SONIC-LAM"
"HOMO_PGK_E2I_E2P9_E2B3P9_PB_CD3_0084",42.93,13.59,2,84,"HOMO","PGK","CD3","E2P9","SONIC-LAM"
"HOMO_PGK_E2L_E2P10_E2B3P10_PB_MNC_0084",200,13.59,2,84,"HOMO","PGK","MNC","E2P10","SONIC-LAM"
"HOMO_PGK_E2G_E2P7_E2B3P7_PB_MNC_0084",200,13.59,2,84,"HOMO","PGK","MNC","E2P7","SONIC-LAM"
"HOMO_PGK_E2H_E2P8_E2B3P8_PB_MNC_0084",149.18,13.59,2,84,"HOMO","PGK","MNC","E2P8","SONIC-LAM"
"HOMO_PGK_E2I_E2P9_E2B3P9_PB_MNC_0084",200,13.59,2,84,"HOMO","PGK","MNC","E2P9","SONIC-LAM"
"HOMO_PGK_E2L_E2P10_E2B4P10_PB_CD11B_0112",200,8.4,2,112,"HOMO","PGK","CD11B","E2P10","SONIC-LAM"
"HOMO_PGK_E2L_E2P10_E2B4P10_PB_CD19_0112",200,10.44,2,112,"HOMO","PGK","CD19","E2P10","SONIC-LAM"
"HOMO_PGK_E2L_E2P10_E2B4P10_PB_CD3_0112",200,8.31,2,112,"HOMO","PGK","CD3","E2P10","SONIC-LAM"
"HOMO_PGK_E2G_E2P7_E2B4P7_PB_CD11B_0112",200,4.1,2,112,"HOMO","PGK","CD11B","E2P7","SONIC-LAM"
"HOMO_PGK_E2G_E2P7_E2B4P7_PB_CD19_0112",200,13.13,2,112,"HOMO","PGK","CD19","E2P7","SONIC-LAM"
"HOMO_PGK_E2G_E2P7_E2B4P7_PB_CD3_0112",200,9.8,2,112,"HOMO","PGK","CD3","E2P7","SONIC-LAM"
"HOMO_PGK_E2H_E2P8_E2B4P8_PB_CD11B_0112",200,15.4,2,112,"HOMO","PGK","CD11B","E2P8","SONIC-LAM"
"HOMO_PGK_E2H_E2P8_E2B4P8_PB_CD19_0112",200,15.43,2,112,"HOMO","PGK","CD19","E2P8","SONIC-LAM"
"HOMO_PGK_E2H_E2P8_E2B4P8_PB_CD3_0112",200,12.5,2,112,"HOMO","PGK","CD3","E2P8","SONIC-LAM"
"HOMO_PGK_E2I_E2P9_E2B4P9_PB_CD11B_0112",200,12.5,2,112,"HOMO","PGK","CD11B","E2P9","SONIC-LAM"
"HOMO_PGK_E2I_E2P9_E2B4P9_PB_CD19_0112",200,13.6,2,112,"HOMO","PGK","CD19","E2P9","SONIC-LAM"
"HOMO_PGK_E2I_E2P9_E2B4P9_PB_CD3_0112",200,10.4,2,112,"HOMO","PGK","CD3","E2P9","SONIC-LAM"
"HOMO_PGK_E2L_E2P10_E2B4P10_PB_MNC_0112",200,9.55,2,112,"HOMO","PGK","MNC","E2P10","SONIC-LAM"
"HOMO_PGK_E2G_E2P7_E2B4P7_PB_MNC_0112",200,10.3,2,112,"HOMO","PGK","MNC","E2P7","SONIC-LAM"
"HOMO_PGK_E2H_E2P8_E2B4P8_PB_MNC_0112",200,14.6,2,112,"HOMO","PGK","MNC","E2P8","SONIC-LAM"
"HOMO_PGK_E2I_E2P9_E2B4P9_PB_MNC_0112",200,13.05,2,112,"HOMO","PGK","MNC","E2P9","SONIC-LAM"
"HOMO_PGK_E2L_E2P10_E2B6P10_PB_CD11B_0168",188.64,11,2,168,"HOMO","PGK","CD11B","E2P10","SLiM"
"HOMO_PGK_E2L_E2P10_E2B6P10_PB_CD19_0168",200,9.13,2,168,"HOMO","PGK","CD19","E2P10","SLiM"
"HOMO_PGK_E2L_E2P10_E2B6P10_PB_CD3_0168",200,9.5,2,168,"HOMO","PGK","CD3","E2P10","SLiM"
"HOMO_PGK_E2L_E2P10_E2B6P10_PB_MNC_0168",200,8.12,2,168,"HOMO","PGK","MNC","E2P10","SLiM"
"HOMO_PGK_E2G_E2P7_E2B6P7_PB_CD11B_0168",27.62,13,2,168,"HOMO","PGK","CD11B","E2P7","SLiM"
"HOMO_PGK_E2G_E2P7_E2B6P7_PB_CD19_0168",200,13.06,2,168,"HOMO","PGK","CD19","E2P7","SLiM"
"HOMO_PGK_E2G_E2P7_E2B6P7_PB_CD3_0168",200,12,2,168,"HOMO","PGK","CD3","E2P7","SLiM"
"HOMO_PGK_E2G_E2P7_E2B6P7_PB_MNC_0168",200,11.46,2,168,"HOMO","PGK","MNC","E2P7","SLiM"
"HOMO_PGK_E2H_E2P8_E2B6P8_PB_CD11B_0168",130.46,6.5,2,168,"HOMO","PGK","CD11B","E2P8","SLiM"
"HOMO_PGK_E2H_E2P8_E2B6P8_PB_CD19_0168",177.98,9.6,2,168,"HOMO","PGK","CD19","E2P8","SLiM"
"HOMO_PGK_E2H_E2P8_E2B6P8_PB_CD3_0168",146.02,10.3,2,168,"HOMO","PGK","CD3","E2P8","SLiM"
"HOMO_PGK_E2H_E2P8_E2B6P8_PB_MNC_0168",195.84,6.01,2,168,"HOMO","PGK","MNC","E2P8","SLiM"
"HOMO_PGK_E2I_E2P9_E2B6P9_PB_CD11B_0168",200,7.8,2,168,"HOMO","PGK","CD11B","E2P9","SLiM"
"HOMO_PGK_E2I_E2P9_E2B6P9_PB_CD19_0168",200,13.9,2,168,"HOMO","PGK","CD19","E2P9","SLiM"
"HOMO_PGK_E2I_E2P9_E2B6P9_PB_CD3_0168",200,11.54,2,168,"HOMO","PGK","CD3","E2P9","SLiM"
"HOMO_PGK_E2I_E2P9_E2B6P9_PB_MNC_0168",200,10.77,2,168,"HOMO","PGK","MNC","E2P9","SLiM"
"HOMO_PGK_E2H_E2P8_E2B8P8_PB_CD11B_0280",8.64,13.59,1,280,"HOMO","PGK","CD11B","E2P8","SLiM"
"HOMO_PGK_E2H_E2P8_E2B8P8_PB_CD3_0280",23.04,13.59,1,280,"HOMO","PGK","CD3","E2P8","SLiM"
"HOMO_PGK_E2H_E2P8_E2B8P8_PB_MNC_0280",74.88,13.59,1,280,"HOMO","PGK","MNC","E2P8","SLiM"
"HOMO_PGK_E2I_E2P9_E2B8P9_PB_CD11B_0280",184.32,13.59,2,280,"HOMO","PGK","CD11B","E2P9","SLiM"
"HOMO_PGK_E2I_E2P9_E2B8P9_PB_CD19_0280",155.52,13.59,2,280,"HOMO","PGK","CD19","E2P9","SLiM"
"HOMO_PGK_E2I_E2P9_E2B8P9_PB_CD3_0280",92.16,13.59,2,280,"HOMO","PGK","CD3","E2P9","SLiM"
"HOMO_PGK_E2I_E2P9_E2B8P9_PB_MNC_0280",200.25,13.59,2,280,"HOMO","PGK","MNC","E2P9","SLiM"
"HOMO_LV.SF.LTR_E3L_E3P10_E3B1P10_PB_MNC_0028",200,5.62,3,28,"HOMO","LV.SF.LTR","MNC","E3P10","SLiM"
"HOMO_LV.SF.LTR_E3M_E3P11_E3B1P11_PB_MNC_0028",200,6.09,2,28,"HOMO","LV.SF.LTR","MNC","E3P11","SLiM"
"HOMO_LV.SF.LTR_E3H_E3P8_E3B1P8_PB_MNC_0028",200,5.45,2,28,"HOMO","LV.SF.LTR","MNC","E3P8","SLiM"
"HOMO_LV.SF.LTR_E3I_E3P9_E3B1P9_PB_MNC_0028",200,7.8,2,28,"HOMO","LV.SF.LTR","MNC","E3P9","SLiM"
"HOMO_LV.SF.LTR_E3L_E3P10_E3B2P10_PB_CD11B_0056",178.5,6.5,3,56,"HOMO","LV.SF.LTR","CD11B","E3P10","SLiM"
"HOMO_LV.SF.LTR_E3L_E3P10_E3B2P10_PB_CD19_0056",430.5,8.11,3,56,"HOMO","LV.SF.LTR","CD19","E3P10","SLiM"
"HOMO_LV.SF.LTR_E3L_E3P10_E3B2P10_PB_CD3_0056",651,5.4,3,56,"HOMO","LV.SF.LTR","CD3","E3P10","SLiM"
"HOMO_LV.SF.LTR_E3L_E3P10_E3B2P10_PB_MNC_0056",700,6.42,3,56,"HOMO","LV.SF.LTR","MNC","E3P10","SLiM"
"HOMO_LV.SF.LTR_E3M_E3P11_E3B2P11_PB_CD11B_0056",94.5,8.6,1,56,"HOMO","LV.SF.LTR","CD11B","E3P11","SLiM"
"HOMO_LV.SF.LTR_E3M_E3P11_E3B2P11_PB_CD19_0056",297.5,6.6,1,56,"HOMO","LV.SF.LTR","CD19","E3P11","SLiM"
"HOMO_LV.SF.LTR_E3M_E3P11_E3B2P11_PB_CD3_0056",262.5,4.5,1,56,"HOMO","LV.SF.LTR","CD3","E3P11","SLiM"
"HOMO_LV.SF.LTR_E3M_E3P11_E3B2P11_PB_MNC_0056",973,6.63,1,56,"HOMO","LV.SF.LTR","MNC","E3P11","SLiM"
"HOMO_LV.SF.LTR_E3H_E3P8_E3B2P8_PB_CD11B_0056",77,4.01,2,56,"HOMO","LV.SF.LTR","CD11B","E3P8","SLiM"
"HOMO_LV.SF.LTR_E3H_E3P8_E3B2P8_PB_CD19_0056",514.5,6.3,2,56,"HOMO","LV.SF.LTR","CD19","E3P8","SLiM"
"HOMO_LV.SF.LTR_E3H_E3P8_E3B2P8_PB_CD3_0056",301,5,2,56,"HOMO","LV.SF.LTR","CD3","E3P8","SLiM"
"HOMO_LV.SF.LTR_E3H_E3P8_E3B2P8_PB_MNC_0056",448,5.49,2,56,"HOMO","LV.SF.LTR","MNC","E3P8","SLiM"
"HOMO_LV.SF.LTR_E3I_E3P9_E3B2P9_PB_CD11B_0056",161,7.94,2,56,"HOMO","LV.SF.LTR","CD11B","E3P9","SLiM"
"HOMO_LV.SF.LTR_E3I_E3P9_E3B2P9_PB_CD19_0056",388.5,7.75,2,56,"HOMO","LV.SF.LTR","CD19","E3P9","SLiM"
"HOMO_LV.SF.LTR_E3I_E3P9_E3B2P9_PB_CD3_0056",283.5,4.9,2,56,"HOMO","LV.SF.LTR","CD3","E3P9","SLiM"
"HOMO_LV.SF.LTR_E3I_E3P9_E3B2P9_PB_MNC_0056",910,7.01,2,56,"HOMO","LV.SF.LTR","MNC","E3P9","SLiM"
"HOMO_LV.SF.LTR_E3L_E3P10_E3B3P10_PB_CD11B_0084",102.4,2.45,3,84,"HOMO","LV.SF.LTR","CD11B","E3P10","SLiM"
"HOMO_LV.SF.LTR_E3L_E3P10_E3B3P10_PB_CD19_0084",222.5,6.13,3,84,"HOMO","LV.SF.LTR","CD19","E3P10","SLiM"
"HOMO_LV.SF.LTR_E3L_E3P10_E3B3P10_PB_CD3_0084",222.5,5.91,3,84,"HOMO","LV.SF.LTR","CD3","E3P10","SLiM"
"HOMO_LV.SF.LTR_E3L_E3P10_E3B3P10_PB_MNC_0084",222.5,4.98,3,84,"HOMO","LV.SF.LTR","MNC","E3P10","SLiM"
"HOMO_LV.SF.LTR_E3M_E3P11_E3B3P11_PB_CD11B_0084",179.2,8.13,1,84,"HOMO","LV.SF.LTR","CD11B","E3P11","SLiM"
"HOMO_LV.SF.LTR_E3M_E3P11_E3B3P11_PB_CD19_0084",222.5,8.13,1,84,"HOMO","LV.SF.LTR","CD19","E3P11","SLiM"
"HOMO_LV.SF.LTR_E3M_E3P11_E3B3P11_PB_CD3_0084",73.6,8.13,1,84,"HOMO","LV.SF.LTR","CD3","E3P11","SLiM"
"HOMO_LV.SF.LTR_E3M_E3P11_E3B3P11_PB_MNC_0084",222.5,8.13,1,84,"HOMO","LV.SF.LTR","MNC","E3P11","SLiM"
"HOMO_LV.SF.LTR_E3H_E3P8_E3B3P8_PB_CD11B_0084",60.8,8.13,2,84,"HOMO","LV.SF.LTR","CD11B","E3P8","SLiM"
"HOMO_LV.SF.LTR_E3H_E3P8_E3B3P8_PB_CD19_0084",64,8.13,2,84,"HOMO","LV.SF.LTR","CD19","E3P8","SLiM"
"HOMO_LV.SF.LTR_E3H_E3P8_E3B3P8_PB_CD3_0084",217.6,8.13,2,84,"HOMO","LV.SF.LTR","CD3","E3P8","SLiM"
"HOMO_LV.SF.LTR_E3H_E3P8_E3B3P8_PB_MNC_0084",222.5,8.13,2,84,"HOMO","LV.SF.LTR","MNC","E3P8","SLiM"
"HOMO_LV.SF.LTR_E3I_E3P9_E3B3P9_PB_CD11B_0084",80,8.13,2,84,"HOMO","LV.SF.LTR","CD11B","E3P9","SLiM"
"HOMO_LV.SF.LTR_E3I_E3P9_E3B3P9_PB_CD19_0084",222.5,8.13,2,84,"HOMO","LV.SF.LTR","CD19","E3P9","SLiM"
"HOMO_LV.SF.LTR_E3I_E3P9_E3B3P9_PB_CD3_0084",204.8,8.13,2,84,"HOMO","LV.SF.LTR","CD3","E3P9","SLiM"
"HOMO_LV.SF.LTR_E3I_E3P9_E3B3P9_PB_MNC_0084",222.5,8.13,2,84,"HOMO","LV.SF.LTR","MNC","E3P9","SLiM"
"HOMO_LV.SF.LTR_E3L_E3P10_E3B5P10_PB_CD11B_0196",8.64,3,1,196,"HOMO","LV.SF.LTR","CD11B","E3P10","SLiM"
"HOMO_LV.SF.LTR_E3L_E3P10_E3B5P10_PB_CD19_0196",8.64,4.2,1,196,"HOMO","LV.SF.LTR","CD19","E3P10","SLiM"
"HOMO_LV.SF.LTR_E3L_E3P10_E3B5P10_PB_CD3_0196",14.4,8,1,196,"HOMO","LV.SF.LTR","CD3","E3P10","SLiM"
"HOMO_LV.SF.LTR_E3L_E3P10_E3B5P10_PB_MNC_0196",54.72,2.4,1,196,"HOMO","LV.SF.LTR","MNC","E3P10","SLiM"
"HOMO_PGK_E3D_E3P4_E3B1P4_PB_MNC_0028",200,11.85,2,28,"HOMO","PGK","MNC","E3P4","SLiM"
"HOMO_PGK_E3G_E3P7_E3B1P7_PB_MNC_0028",200,9.5,2,28,"HOMO","PGK","MNC","E3P7","SLiM"
"HOMO_PGK_E3D_E3P4_E3B2P4_PB_CD11B_0056",217,15.8,2,56,"HOMO","PGK","CD11B","E3P4","SLiM"
"HOMO_PGK_E3D_E3P4_E3B2P4_PB_CD19_0056",675.5,13.46,2,56,"HOMO","PGK","CD19","E3P4","SLiM"
"HOMO_PGK_E3D_E3P4_E3B2P4_PB_CD3_0056",294,10.02,2,56,"HOMO","PGK","CD3","E3P4","SLiM"
"HOMO_PGK_E3D_E3P4_E3B2P4_PB_MNC_0056",448,12.83,2,56,"HOMO","PGK","MNC","E3P4","SLiM"
"HOMO_PGK_E3E_E3P5_E3B2P5_PB_CD11B_0056",164.5,15,2,56,"HOMO","PGK","CD11B","E3P5","SLiM"
"HOMO_PGK_E3E_E3P5_E3B2P5_PB_CD19_0056",126,15.7,2,56,"HOMO","PGK","CD19","E3P5","SLiM"
"HOMO_PGK_E3E_E3P5_E3B2P5_PB_CD3_0056",308,9.44,2,56,"HOMO","PGK","CD3","E3P5","SLiM"
"HOMO_PGK_E3E_E3P5_E3B2P5_PB_MNC_0056",910,14.2,2,56,"HOMO","PGK","MNC","E3P5","SLiM"
"HOMO_PGK_E3F_E3P6_E3B2P6_PB_CD11B_0056",231,18,2,56,"HOMO","PGK","CD11B","E3P6","SLiM"
"HOMO_PGK_E3F_E3P6_E3B2P6_PB_CD19_0056",696.5,13.83,2,56,"HOMO","PGK","CD19","E3P6","SLiM"
"HOMO_PGK_E3F_E3P6_E3B2P6_PB_CD3_0056",294,9.65,2,56,"HOMO","PGK","CD3","E3P6","SLiM"
"HOMO_PGK_E3F_E3P6_E3B2P6_PB_MNC_0056",700,12.23,2,56,"HOMO","PGK","MNC","E3P6","SLiM"
"HOMO_PGK_E3G_E3P7_E3B2P7_PB_CD11B_0056",182,13.9,2,56,"HOMO","PGK","CD11B","E3P7","SLiM"
"HOMO_PGK_E3G_E3P7_E3B2P7_PB_CD19_0056",339.5,15.1,2,56,"HOMO","PGK","CD19","E3P7","SLiM"
"HOMO_PGK_E3G_E3P7_E3B2P7_PB_CD3_0056",203,9.8,2,56,"HOMO","PGK","CD3","E3P7","SLiM"
"HOMO_PGK_E3G_E3P7_E3B2P7_PB_MNC_0056",973,13.2,2,56,"HOMO","PGK","MNC","E3P7","SLiM"
"HOMO_PGK_E3D_E3P4_E3B3P4_PB_CD11B_0084",108.8,10.05,2,84,"HOMO","PGK","CD11B","E3P4","SLiM"
"HOMO_PGK_E3D_E3P4_E3B3P4_PB_CD19_0084",222.5,16.9,2,84,"HOMO","PGK","CD19","E3P4","SLiM"
"HOMO_PGK_E3D_E3P4_E3B3P4_PB_CD3_0084",222.5,10.72,2,84,"HOMO","PGK","CD3","E3P4","SLiM"
"HOMO_PGK_E3E_E3P5_E3B3P5_PB_CD11B_0084",124.8,12.99,2,84,"HOMO","PGK","CD11B","E3P5","SLiM"
"HOMO_PGK_E3E_E3P5_E3B3P5_PB_CD19_0084",222.5,15.6,2,84,"HOMO","PGK","CD19","E3P5","SLiM"
"HOMO_PGK_E3E_E3P5_E3B3P5_PB_CD3_0084",222.5,8.72,2,84,"HOMO","PGK","CD3","E3P5","SLiM"
"HOMO_PGK_E3E_E3P5_E3B3P5_PB_MNC_0084",222.5,13.79,2,84,"HOMO","PGK","MNC","E3P5","SLiM"
"HOMO_PGK_E3F_E3P6_E3B3P6_PB_CD11B_0084",118.4,16.2,2,84,"HOMO","PGK","CD11B","E3P6","SLiM"
"HOMO_PGK_E3F_E3P6_E3B3P6_PB_CD19_0084",222.5,16.2,2,84,"HOMO","PGK","CD19","E3P6","SLiM"
"HOMO_PGK_E3F_E3P6_E3B3P6_PB_CD3_0084",222.5,8.94,2,84,"HOMO","PGK","CD3","E3P6","SLiM"
"HOMO_PGK_E3F_E3P6_E3B3P6_PB_MNC_0084",222.5,15.26,2,84,"HOMO","PGK","MNC","E3P6","SLiM"
"HOMO_PGK_E3G_E3P7_E3B3P7_PB_CD11B_0084",99.2,11.18,2,84,"HOMO","PGK","CD11B","E3P7","SLiM"
"HOMO_PGK_E3G_E3P7_E3B3P7_PB_CD19_0084",222.5,16.8,2,84,"HOMO","PGK","CD19","E3P7","SLiM"
"HOMO_PGK_E3G_E3P7_E3B3P7_PB_CD3_0084",222.5,7.36,2,84,"HOMO","PGK","CD3","E3P7","SLiM"
"HOMO_PGK_E3G_E3P7_E3B3P7_PB_MNC_0084",222.5,13.64,2,84,"HOMO","PGK","MNC","E3P7","SLiM"
"HOMO_PGK_E3D_E3P4_E3B5P4_PB_CD11B_0196",112.32,10.7,2,196,"HOMO","PGK","CD11B","E3P4","SLiM"
"HOMO_PGK_E3D_E3P4_E3B5P4_PB_CD19_0196",126.72,17.2,2,196,"HOMO","PGK","CD19","E3P4","SLiM"
"HOMO_PGK_E3D_E3P4_E3B5P4_PB_CD3_0196",178.56,27,2,196,"HOMO","PGK","CD3","E3P4","SLiM"
"HOMO_PGK_E3D_E3P4_E3B5P4_PB_MNC_0196",200.25,11.94,2,196,"HOMO","PGK","MNC","E3P4","SLiM"
"HOMO_PGK_E3E_E3P5_E3B5P5_PB_CD11B_0196",63.36,18,2,196,"HOMO","PGK","CD11B","E3P5","SLiM"
"HOMO_PGK_E3E_E3P5_E3B5P5_PB_CD19_0196",200.25,11.59,2,196,"HOMO","PGK","CD19","E3P5","SLiM"
"HOMO_PGK_E3E_E3P5_E3B5P5_PB_CD3_0196",60.48,16.1,2,196,"HOMO","PGK","CD3","E3P5","SLiM"
"HOMO_PGK_E3E_E3P5_E3B5P5_PB_MNC_0196",200.25,11.2,2,196,"HOMO","PGK","MNC","E3P5","SLiM"
"HOMO_PGK_E3F_E3P6_E3B5P6_PB_CD11B_0196",28.8,15,2,196,"HOMO","PGK","CD11B","E3P6","SLiM"
"HOMO_PGK_E3F_E3P6_E3B5P6_PB_CD19_0196",77.76,19.4,2,196,"HOMO","PGK","CD19","E3P6","SLiM"
"HOMO_PGK_E3F_E3P6_E3B5P6_PB_CD3_0196",57.6,12.9,2,196,"HOMO","PGK","CD3","E3P6","SLiM"
"HOMO_PGK_E3F_E3P6_E3B5P6_PB_MNC_0196",200.25,15.9,2,196,"HOMO","PGK","MNC","E3P6","SLiM"
"HOMO_PGK_E3G_E3P7_E3B5P7_PB_CD11B_0196",106.56,18.5,2,196,"HOMO","PGK","CD11B","E3P7","SLiM"
"HOMO_PGK_E3G_E3P7_E3B5P7_PB_CD19_0196",57.6,9.97,2,196,"HOMO","PGK","CD19","E3P7","SLiM"
"HOMO_PGK_E3G_E3P7_E3B5P7_PB_CD3_0196",200.25,16.6,2,196,"HOMO","PGK","CD3","E3P7","SLiM"
"HOMO_PGK_E3G_E3P7_E3B5P7_PB_MNC_0196",200.25,15.3,2,196,"HOMO","PGK","MNC","E3P7","SLiM"
"HOMO_PGK_E3G_E3P7_E3B6P7_PB_CD11B_0280",200.25,13.42,1,280,"HOMO","PGK","CD11B","E3P7","SLiM"
"HOMO_PGK_E3G_E3P7_E3B6P7_PB_CD19_0280",60.48,13.42,1,280,"HOMO","PGK","CD19","E3P7","SLiM"
"HOMO_PGK_E3G_E3P7_E3B6P7_PB_CD3_0280",132.48,13.42,1,280,"HOMO","PGK","CD3","E3P7","SLiM"
"HOMO_PGK_E3G_E3P7_E3B6P7_PB_MNC_0280",200.25,13.42,1,280,"HOMO","PGK","MNC","E3P7","SLiM"
"HOMO_LV.SF.LTR_E4F_E4P6_E4B1P6_PB_MNC_0028",200.25,7.37,3,28,"HOMO","LV.SF.LTR","MNC","E4P6","SLiM"
"HOMO_LV.SF.LTR_E4G_E4P7_E4B1P7_PB_MNC_0028",200.25,5.62,2,28,"HOMO","LV.SF.LTR","MNC","E4P7","SLiM"
"HOMO_LV.SF.LTR_E4H_E4P8_E4B1P8_PB_MNC_0028",200.25,6.3,3,28,"HOMO","LV.SF.LTR","MNC","E4P8","SLiM"
"HOMO_LV.SF.LTR_E4F_E4P6_E4B2P6_PB_CD19_0084",200.25,5.66,3,84,"HOMO","LV.SF.LTR","CD19","E4P6","SLiM"
"HOMO_LV.SF.LTR_E4F_E4P6_E4B2P6_PB_CD3_0084",200.25,4.71,3,84,"HOMO","LV.SF.LTR","CD3","E4P6","SLiM"
"HOMO_LV.SF.LTR_E4F_E4P6_E4B2P6_PB_MNC_0084",200.25,8.5,3,84,"HOMO","LV.SF.LTR","MNC","E4P6","SLiM"
"HOMO_LV.SF.LTR_E4G_E4P7_E4B2P7_PB_CD19_0084",200.25,7.3,1,84,"HOMO","LV.SF.LTR","CD19","E4P7","SLiM"
"HOMO_LV.SF.LTR_E4G_E4P7_E4B2P7_PB_MNC_0084",200.25,7.68,1,84,"HOMO","LV.SF.LTR","MNC","E4P7","SLiM"
"HOMO_LV.SF.LTR_E4H_E4P8_E4B2P8_PB_CD11B_0084",200.25,6.06,3,84,"HOMO","LV.SF.LTR","CD11B","E4P8","SLiM"
"HOMO_LV.SF.LTR_E4H_E4P8_E4B2P8_PB_CD19_0084",200.25,5.66,3,84,"HOMO","LV.SF.LTR","CD19","E4P8","SLiM"
"HOMO_LV.SF.LTR_E4H_E4P8_E4B2P8_PB_CD3_0084",200.25,5.48,3,84,"HOMO","LV.SF.LTR","CD3","E4P8","SLiM"
"HOMO_LV.SF.LTR_E4H_E4P8_E4B2P8_PB_MNC_0084",200.25,5.73,3,84,"HOMO","LV.SF.LTR","MNC","E4P8","SLiM"
"HOMO_LV.SF.LTR_E4F_E4P6_E4B4P6_PB_CD3_0168",21.6,1.54,1,168,"HOMO","LV.SF.LTR","CD3","E4P6","SLiM"
"HOMO_LV.SF.LTR_E4F_E4P6_E4B4P6_PB_MNC_0168",81,1.37,1,168,"HOMO","LV.SF.LTR","MNC","E4P6","SLiM"
"HOMO_LV.SF.LTR_E4H_E4P8_E4B4P8_PB_CD3_0168",16.2,10.5,1,168,"HOMO","LV.SF.LTR","CD3","E4P8","SLiM"
"HOMO_LV.SF.LTR_E4H_E4P8_E4B4P8_PB_MNC_0168",98.55,8.86,1,168,"HOMO","LV.SF.LTR","MNC","E4P8","SLiM"
"HOMO_LV.SF.LTR_E4F_E4P6_E4B6P6_PB_CD19_0238",62.37,0.24,1,238,"HOMO","LV.SF.LTR","CD19","E4P6","SLiM"
"HOMO_LV.SF.LTR_E4F_E4P6_E4B6P6_PB_CD3_0238",29.16,0.73,1,238,"HOMO","LV.SF.LTR","CD3","E4P6","SLiM"
"HOMO_LV.SF.LTR_E4F_E4P6_E4B6P6_PB_MNC_0238",42.12,1.38,1,238,"HOMO","LV.SF.LTR","MNC","E4P6","SLiM"
"HOMO_PGK_E4C_E4P3_E4B1P3_PB_MNC_0028",200.25,15.4,2,28,"HOMO","PGK","MNC","E4P3","SLiM"
"HOMO_PGK_E4D_E4P4_E4B1P4_PB_MNC_0028",200.25,17,2,28,"HOMO","PGK","MNC","E4P4","SLiM"
"HOMO_PGK_E4E_E4P5_E4B1P5_PB_MNC_0028",200.25,12.93,3,28,"HOMO","PGK","MNC","E4P5","SLiM"
"HOMO_PGK_E4C_E4P3_E4B2P3_PB_CD11B_0084",89.91,11.1,2,84,"HOMO","PGK","CD11B","E4P3","SLiM"
"HOMO_PGK_E4C_E4P3_E4B2P3_PB_CD19_0084",200.25,19.4,2,84,"HOMO","PGK","CD19","E4P3","SLiM"
"HOMO_PGK_E4C_E4P3_E4B2P3_PB_CD3_0084",94.5,16.6,2,84,"HOMO","PGK","CD3","E4P3","SLiM"
"HOMO_PGK_E4C_E4P3_E4B2P3_PB_MNC_0084",200.25,16.7,2,84,"HOMO","PGK","MNC","E4P3","SLiM"
"HOMO_PGK_E4D_E4P4_E4B2P4_PB_CD11B_0084",72.9,13.8,2,84,"HOMO","PGK","CD11B","E4P4","SLiM"
"HOMO_PGK_E4D_E4P4_E4B2P4_PB_CD19_0084",77.22,13.3,2,84,"HOMO","PGK","CD19","E4P4","SLiM"
"HOMO_PGK_E4D_E4P4_E4B2P4_PB_CD3_0084",60.21,15,2,84,"HOMO","PGK","CD3","E4P4","SLiM"
"HOMO_PGK_E4D_E4P4_E4B2P4_PB_MNC_0084",89.64,11.3,2,84,"HOMO","PGK","MNC","E4P4","SLiM"
"HOMO_PGK_E4E_E4P5_E4B2P5_PB_CD11B_0084",200.25,16.2,3,84,"HOMO","PGK","CD11B","E4P5","SLiM"
"HOMO_PGK_E4E_E4P5_E4B2P5_PB_CD19_0084",200.25,16.9,3,84,"HOMO","PGK","CD19","E4P5","SLiM"
"HOMO_PGK_E4E_E4P5_E4B2P5_PB_CD3_0084",200.25,11.23,3,84,"HOMO","PGK","CD3","E4P5","SLiM"
"HOMO_PGK_E4E_E4P5_E4B2P5_PB_MNC_0084",113.13,15,3,84,"HOMO","PGK","MNC","E4P5","SLiM"
"HOMO_PGK_E4C_E4P3_E4B4P3_PB_CD11B_0168",37.8,12,1,168,"HOMO","PGK","CD11B","E4P3","SLiM"
"HOMO_PGK_E4C_E4P3_E4B4P3_PB_CD19_0168",200.25,16.27,1,168,"HOMO","PGK","CD19","E4P3","SLiM"
"HOMO_PGK_E4C_E4P3_E4B4P3_PB_CD3_0168",56.97,17.4,1,168,"HOMO","PGK","CD3","E4P3","SLiM"
"HOMO_PGK_E4C_E4P3_E4B4P3_PB_MNC_0168",200.25,15.2,1,168,"HOMO","PGK","MNC","E4P3","SLiM"
"HOMO_PGK_E4D_E4P4_E4B4P4_PB_CD11B_0168",46.44,10.4,2,168,"HOMO","PGK","CD11B","E4P4","SLiM"
"HOMO_PGK_E4D_E4P4_E4B4P4_PB_CD19_0168",200.25,3.8,2,168,"HOMO","PGK","CD19","E4P4","SLiM"
"HOMO_PGK_E4D_E4P4_E4B4P4_PB_CD3_0168",64.26,13.2,2,168,"HOMO","PGK","CD3","E4P4","SLiM"
"HOMO_PGK_E4D_E4P4_E4B4P4_PB_MNC_0168",200.25,10.86,2,168,"HOMO","PGK","MNC","E4P4","SLiM"
"HOMO_PGK_E4E_E4P5_E4B4P5_PB_CD11B_0168",96.39,6.1,3,168,"HOMO","PGK","CD11B","E4P5","SLiM"
"HOMO_PGK_E4E_E4P5_E4B4P5_PB_CD19_0168",200.25,16.77,3,168,"HOMO","PGK","CD19","E4P5","SLiM"
"HOMO_PGK_E4E_E4P5_E4B4P5_PB_CD3_0168",200.25,10.9,3,168,"HOMO","PGK","CD3","E4P5","SLiM"
"HOMO_PGK_E4E_E4P5_E4B4P5_PB_MNC_0168",200.25,13.34,3,168,"HOMO","PGK","MNC","E4P5","SLiM"
"HOMO_PGK_E4C_E4P3_E4B6P3_PB_CD11B_0238",89.64,5.32,1,238,"HOMO","PGK","CD11B","E4P3","SLiM"
"HOMO_PGK_E4C_E4P3_E4B6P3_PB_CD19_0238",112.32,16.5,1,238,"HOMO","PGK","CD19","E4P3","SLiM"
"HOMO_PGK_E4C_E4P3_E4B6P3_PB_CD3_0238",74.52,15.3,1,238,"HOMO","PGK","CD3","E4P3","SLiM"
"HOMO_PGK_E4C_E4P3_E4B6P3_PB_MNC_0238",102.33,11.6,1,238,"HOMO","PGK","MNC","E4P3","SLiM"
"HOMO_PGK_E4D_E4P4_E4B6P4_PB_CD19_0238",63.99,1.31,1,238,"HOMO","PGK","CD19","E4P4","SLiM"
"HOMO_PGK_E4D_E4P4_E4B6P4_PB_CD3_0238",40.5,9.2,1,238,"HOMO","PGK","CD3","E4P4","SLiM"
"HOMO_PGK_E4D_E4P4_E4B6P4_PB_MNC_0238",73.17,6.4,1,238,"HOMO","PGK","MNC","E4P4","SLiM"
"HOMO_PGK_E4E_E4P5_E4B6P5_PB_CD19_0238",200.25,13.6,3,238,"HOMO","PGK","CD19","E4P5","SLiM"
"HOMO_PGK_E4E_E4P5_E4B6P5_PB_CD3_0238",171.07,8.49,3,238,"HOMO","PGK","CD3","E4P5","SLiM"
"HOMO_PGK_E4E_E4P5_E4B6P5_PB_MNC_0238",140.4,10.1,3,238,"HOMO","PGK","MNC","E4P5","SLiM"
